                  epoch,         train/box_loss,         train/cls_loss,         train/dfl_loss,   metrics/precision(B),      metrics/recall(B),       metrics/mAP50(B),    metrics/mAP50-95(B),           val/box_loss,           val/cls_loss,           val/dfl_loss,                 lr/pg0,                 lr/pg1,                 lr/pg2
1,1.663,1.6934,1.595,0.52301,0.49819,0.44722,0.24577,1.6875,2.3397,1.6293,0.00066521,0.00066521,0.00066521
2,1.5707,1.3851,1.5148,0.76153,0.64022,0.71244,0.34409,1.8464,1.311,1.6399,0.0010682,0.0010682,0.0010682
3,1.4599,1.2067,1.4403,0.81123,0.70109,0.81912,0.47857,1.5203,1.0129,1.3919,0.0012071,0.0012071,0.0012071
4,1.3828,1.0868,1.3956,0.84037,0.80686,0.88031,0.49872,1.5253,0.84966,1.3542,0.000812,0.000812,0.000812
5,1.2976,0.95103,1.3358,0.89163,0.84348,0.91598,0.52569,1.5332,0.73847,1.3394,0.000416,0.000416,0.000416
